{"blank_cube": "chc/basic/model/0_0.json", "white_cube": "chc/basic/model/0_1.json", "grey_cube": "chc/basic/model/0_2.json", "black_cube": "chc/basic/model/0_3.json", "brown_cube": "chc/basic/model/0_4.json", "red_cube": "chc/basic/model/0_5.json", "orange_cube": "chc/basic/model/0_6.json", "yellow_cube": "chc/basic/model/0_7.json", "green_cube": "chc/basic/model/0_8.json", "olive_cube": "chc/basic/model/0_9.json", "mint_cube": "chc/basic/model/0_10.json", "cyan_cube": "chc/basic/model/0_11.json", "blue_cube": "chc/basic/model/0_12.json", "purple_cube": "chc/basic/model/0_13.json", "magenta_cube": "chc/basic/model/0_14.json", "pink_cube": "chc/basic/model/0_15.json", "blank_stack": "chc/basic/model/1_0.json", "white_stack": "chc/basic/model/1_1.json", "grey_stack": "chc/basic/model/1_2.json", "black_stack": "chc/basic/model/1_3.json", "brown_stack": "chc/basic/model/1_4.json", "red_stack": "chc/basic/model/1_5.json", "oranged_stack": "chc/basic/model/1_6.json", "yellowd_stack": "chc/basic/model/1_7.json", "greend_stack": "chc/basic/model/1_8.json", "olived_stack": "chc/basic/model/1_9.json", "mintd_stack": "chc/basic/model/1_10.json", "cyand_stack": "chc/basic/model/1_11.json", "blued_stack": "chc/basic/model/1_12.json", "purpled_stack": "chc/basic/model/1_13.json", "magentad_stack": "chc/basic/model/1_14.json", "pinkd_stack": "chc/basic/model/1_15.json", "blank_up": "chc/basic/model/2_0.json", "white_up": "chc/basic/model/2_1.json", "grey_up": "chc/basic/model/2_2.json", "black_up": "chc/basic/model/2_3.json", "brown_up": "chc/basic/model/2_4.json", "red_up": "chc/basic/model/2_5.json", "orange_up": "chc/basic/model/2_6.json", "yellow_up": "chc/basic/model/2_7.json", "green_up": "chc/basic/model/2_8.json", "olive_up": "chc/basic/model/2_9.json", "mint_up": "chc/basic/model/2_10.json", "cyan_up": "chc/basic/model/2_11.json", "blue_up": "chc/basic/model/2_12.json", "purple_up": "chc/basic/model/2_13.json", "magenta_up": "chc/basic/model/2_14.json", "pink_up": "chc/basic/model/2_15.json", "blank_down": "chc/basic/model/3_0.json", "white_down": "chc/basic/model/3_1.json", "grey_down": "chc/basic/model/3_2.json", "black_down": "chc/basic/model/3_3.json", "brown_down": "chc/basic/model/3_4.json", "red_down": "chc/basic/model/3_5.json", "orange_down": "chc/basic/model/3_6.json", "yellow_down": "chc/basic/model/3_7.json", "green_down": "chc/basic/model/3_8.json", "olive_down": "chc/basic/model/3_9.json", "mint_down": "chc/basic/model/3_10.json", "cyan_down": "chc/basic/model/3_11.json", "blue_down": "chc/basic/model/3_12.json", "purple_down": "chc/basic/model/3_13.json", "magenta_down": "chc/basic/model/3_14.json", "pink_down": "chc/basic/model/3_15.json"}